<prezi xsi:schemaLocation="http://prezi.com/schema/prezi/2 http://prezi.com/schema/prezi/2" xmlns:xsi="http://www.w3.org/2001/XMLSchema-instance" version="2" xmlns="http://prezi.com/schema/prezi/2"><xFields><xField name="preziType"><xEnum type="PreziType" value="converted-from-core"/></xField></xFields><background><background><layers><array><backgroundImage><assetSourceFilename><string value="Text_BlowAway.png"/></assetSourceFilename><depth><double value="2.5011403570414688"/></depth><fadeScale><double value="6.137828300936193"/></fadeScale><height><double value="1310"/></height><localToWorld><transform2D x="15730.673375098413" y="-2011.5736531438313" scale="23.667021264727925" rotation="0"/></localToWorld><onlineAssetId><string value="2289104521"/></onlineAssetId><onlineAssetUrl><string value="http://0103.static.prezi.com.s3.amazonaws.com/media/d/b/8/f831b7389e7a541eb56ed86945d254fea8e22.png"/></onlineAssetUrl><width><double value="1747"/></width></backgroundImage></array></layers></background></background><documentStyle><documentStyle><fontClasses><array><fontClass><fontFamily><string value="PlayfairDisplay"/></fontFamily><name><string value="body"/></name></fontClass><fontClass><fontFamily><string value="PlayfairDisplay"/></fontFamily><fontWeight><fontWeight value="bold"/></fontWeight><name><string value="head"/></name></fontClass><fontClass><fontFamily><string value="NotoSans"/></fontFamily><fontStyle><fontStyle value="italic"/></fontStyle><name><string value="strong"/></name></fontClass></array></fontClasses><fontFamilies><array><fontFamily><fontFaces><array><fontFace><fontSrc><string value="NotoSans-Italic.keg"/></fontSrc><fontStyle><fontStyle value="italic"/></fontStyle></fontFace><fontFace><fontSrc><string value="NotoSans-BoldItalic.keg"/></fontSrc><fontStyle><fontStyle value="italic"/></fontStyle><fontWeight><fontWeight value="bold"/></fontWeight></fontFace><fontFace><fontSrc><string value="NotoSans-Regular.keg"/></fontSrc></fontFace><fontFace><fontSrc><string value="NotoSans-Bold.keg"/></fontSrc><fontWeight><fontWeight value="bold"/></fontWeight></fontFace></array></fontFaces><name><string value="NotoSans"/></name></fontFamily><fontFamily><fontFaces><array><fontFace><fontSrc><string value="PlayfairDisplay-Regular.keg"/></fontSrc></fontFace><fontFace><fontSrc><string value="PlayfairDisplay-Bold.keg"/></fontSrc><fontWeight><fontWeight value="bold"/></fontWeight></fontFace><fontFace><fontSrc><string value="PlayfairDisplay-Italic.keg"/></fontSrc><fontStyle><fontStyle value="italic"/></fontStyle></fontFace><fontFace><fontSrc><string value="PlayfairDisplay-BoldItalic.keg"/></fontSrc><fontStyle><fontStyle value="italic"/></fontStyle><fontWeight><fontWeight value="bold"/></fontWeight></fontFace></array></fontFaces><name><string value="PlayfairDisplay"/></name></fontFamily></array></fontFamilies><styleDeclarations><array><styleDeclaration><styleBlock><styleBlock><gradEndAlpha><double value="0.7"/></gradEndAlpha><gradStartAlpha><double value="0.5"/></gradStartAlpha></styleBlock></styleBlock><styleSelector><simpleSelector value="zCircle"/></styleSelector></styleDeclaration><styleDeclaration><styleBlock><styleBlock><color><color value="#333333"/></color><fillType><fillType value="linear"/></fillType><gradEndColor><color value="#333333"/></gradEndColor><gradStartColor><color value="#333333"/></gradStartColor></styleBlock></styleBlock><styleSelector><simpleSelector value="*.line1"/></styleSelector></styleDeclaration><styleDeclaration><styleBlock><styleBlock><color><color value="#858585"/></color><fillType><fillType value="linear"/></fillType><gradEndColor><color value="#858585"/></gradEndColor><gradStartColor><color value="#858585"/></gradStartColor></styleBlock></styleBlock><styleSelector><simpleSelector value="*.line2"/></styleSelector></styleDeclaration><styleDeclaration><styleBlock><styleBlock><color><color value="#FFA812"/></color><fillType><fillType value="linear"/></fillType><gradEndColor><color value="#FFA812"/></gradEndColor><gradStartColor><color value="#FFA812"/></gradStartColor></styleBlock></styleBlock><styleSelector><simpleSelector value="*.line3"/></styleSelector></styleDeclaration><styleDeclaration><styleBlock><styleBlock><color><color value="#4CD3D1"/></color><fillType><fillType value="linear"/></fillType><gradEndColor><color value="#4CD3D1"/></gradEndColor><gradStartColor><color value="#4CD3D1"/></gradStartColor></styleBlock></styleBlock><styleSelector><simpleSelector value="*.line4"/></styleSelector></styleDeclaration><styleDeclaration><styleBlock><styleBlock><color><color value="#DCDCDC"/></color><fillType><fillType value="linear"/></fillType><gradEndColor><color value="#DCDCDC"/></gradEndColor><gradStartColor><color value="#DCDCDC"/></gradStartColor></styleBlock></styleBlock><styleSelector><simpleSelector value="*.line5"/></styleSelector></styleDeclaration><styleDeclaration><styleBlock><styleBlock><fillType><fillType value="linear"/></fillType><gradEndColor><color value="#333333"/></gradEndColor><gradStartColor><color value="#333333"/></gradStartColor></styleBlock></styleBlock><styleSelector><simpleSelector value="*.poly1"/></styleSelector></styleDeclaration><styleDeclaration><styleBlock><styleBlock><fillType><fillType value="linear"/></fillType><gradEndColor><color value="#858585"/></gradEndColor><gradStartColor><color value="#858585"/></gradStartColor></styleBlock></styleBlock><styleSelector><simpleSelector value="*.poly2"/></styleSelector></styleDeclaration><styleDeclaration><styleBlock><styleBlock><fillType><fillType value="linear"/></fillType><gradEndColor><color value="#FFA812"/></gradEndColor><gradStartColor><color value="#FFA812"/></gradStartColor></styleBlock></styleBlock><styleSelector><simpleSelector value="*.poly3"/></styleSelector></styleDeclaration><styleDeclaration><styleBlock><styleBlock><fillType><fillType value="linear"/></fillType><gradEndColor><color value="#4CD3D1"/></gradEndColor><gradStartColor><color value="#4CD3D1"/></gradStartColor></styleBlock></styleBlock><styleSelector><simpleSelector value="*.poly4"/></styleSelector></styleDeclaration><styleDeclaration><styleBlock><styleBlock><fillType><fillType value="linear"/></fillType><gradEndColor><color value="#E6E6E6"/></gradEndColor><gradStartColor><color value="#E6E6E6"/></gradStartColor></styleBlock></styleBlock><styleSelector><simpleSelector value="*.poly5"/></styleSelector></styleDeclaration><styleDeclaration><styleBlock><styleBlock><fillType><fillType value="linear"/></fillType><gradEndColor><color value="#FFFFFF"/></gradEndColor><gradStartColor><color value="#FFFFFF"/></gradStartColor></styleBlock></styleBlock><styleSelector><simpleSelector value="background"/></styleSelector></styleDeclaration><styleDeclaration><styleBlock><styleBlock><borderAlpha><double value="1"/></borderAlpha><borderColor><color value="#333333"/></borderColor><borderThickness><double value="1"/></borderThickness><fillType><fillType value="linear"/></fillType><gradEndColor><color value="#333333"/></gradEndColor><gradStartColor><color value="#333333"/></gradStartColor><thickness><double value="7"/></thickness></styleBlock></styleBlock><styleSelector><simpleSelector value="zArrow"/></styleSelector></styleDeclaration><styleDeclaration><styleBlock><styleBlock><borderAlpha><double value="1"/></borderAlpha><borderColor><color value="#333333"/></borderColor><borderThickness><double value="1"/></borderThickness><gradStartAlpha><double value="1"/></gradStartAlpha><radius><double value="0"/></radius><thickness><double value="100"/></thickness></styleBlock></styleBlock><styleSelector><simpleSelector value="zCircle"/></styleSelector></styleDeclaration><styleDeclaration><styleBlock><styleBlock><color><color value="#333333"/></color></styleBlock></styleBlock><styleSelector><simpleSelector value="zPencil"/></styleSelector></styleDeclaration><styleDeclaration><styleBlock><styleBlock><borderColor><color value="#CCCCCC"/></borderColor><borderThickness><double value="0"/></borderThickness><fillType><fillType value="linear"/></fillType><gradEndAlpha><double value="0.8"/></gradEndAlpha><gradEndColor><color value="#000000"/></gradEndColor><gradStartAlpha><double value="1"/></gradStartAlpha><gradStartColor><color value="#000000"/></gradStartColor><padding><double value="1.03"/></padding><radius><double value="10"/></radius><thickness><double value="12"/></thickness></styleBlock></styleBlock><styleSelector><simpleSelector value="zBracketFrame"/></styleSelector></styleDeclaration><styleDeclaration><styleBlock><styleBlock><borderColor><color value="#E6E6E6"/></borderColor><borderThickness><double value="0"/></borderThickness><fillType><fillType value="linear"/></fillType><gradEndAlpha><double value="0.8"/></gradEndAlpha><gradEndColor><color value="#000000"/></gradEndColor><gradStartAlpha><double value="1"/></gradStartAlpha><gradStartColor><color value="#000000"/></gradStartColor><padding><double value="1.03"/></padding><thickness><double value="12"/></thickness></styleBlock></styleBlock><styleSelector><simpleSelector value="zCircleFrame"/></styleSelector></styleDeclaration><styleDeclaration><styleBlock><styleBlock><borderAlpha><double value="0.6"/></borderAlpha><borderColor><color value="#858585"/></borderColor><borderThickness><double value="5"/></borderThickness><fillType><fillType value="linear"/></fillType><gradEndAlpha><double value="0.8"/></gradEndAlpha><gradEndColor><color value="#FFFFFF"/></gradEndColor><gradStartAlpha><double value="0.8"/></gradStartAlpha><gradStartColor><color value="#FFFFFF"/></gradStartColor><padding><double value="1.03"/></padding><radius><double value="0.5"/></radius></styleBlock></styleBlock><styleSelector><simpleSelector value="zRectangleFrame"/></styleSelector></styleDeclaration><styleDeclaration><styleBlock><styleBlock><padding><double value="1.2"/></padding></styleBlock></styleBlock><styleSelector><simpleSelector value="zText"/></styleSelector></styleDeclaration><styleDeclaration><styleBlock><styleBlock><color><color value="#333333"/></color><fontClass><string value="body"/></fontClass></styleBlock></styleBlock><styleSelector><simpleSelector value="zText.body"/></styleSelector></styleDeclaration><styleDeclaration><styleBlock><styleBlock><backgroundAlpha><double value="0.9"/></backgroundAlpha><backgroundColor><color value="#F2F2F2"/></backgroundColor><backgroundPadding><double value="5"/></backgroundPadding></styleBlock></styleBlock><styleSelector><simpleSelector value="zText.body-background"/></styleSelector></styleDeclaration><styleDeclaration><styleBlock><styleBlock><color><color value="#333333"/></color><fontClass><string value="head"/></fontClass></styleBlock></styleBlock><styleSelector><simpleSelector value="zText.title"/></styleSelector></styleDeclaration><styleDeclaration><styleBlock><styleBlock><backgroundAlpha><double value="0.9"/></backgroundAlpha><backgroundColor><color value="#FFA812"/></backgroundColor><backgroundPadding><double value="5"/></backgroundPadding></styleBlock></styleBlock><styleSelector><simpleSelector value="zText.title-background"/></styleSelector></styleDeclaration><styleDeclaration><styleBlock><styleBlock><color><color value="#333333"/></color><fontClass><string value="strong"/></fontClass></styleBlock></styleBlock><styleSelector><simpleSelector value="zText.subtitle"/></styleSelector></styleDeclaration><styleDeclaration><styleBlock><styleBlock><backgroundAlpha><double value="0.9"/></backgroundAlpha><backgroundColor><color value="#4CD3D1"/></backgroundColor><backgroundPadding><double value="5"/></backgroundPadding></styleBlock></styleBlock><styleSelector><simpleSelector value="zText.subtitle-background"/></styleSelector></styleDeclaration><styleDeclaration><styleBlock><styleBlock><color><color value="#333333"/></color></styleBlock></styleBlock><styleSelector><simpleSelector value="zLine"/></styleSelector></styleDeclaration><styleDeclaration><styleBlock><styleBlock><alpha><double value="0.5"/></alpha><color><color value="#FFA812"/></color></styleBlock></styleBlock><styleSelector><simpleSelector value="zMarker"/></styleSelector></styleDeclaration><styleDeclaration><styleBlock><styleBlock><borderAlpha><double value="1"/></borderAlpha><borderColor><color value="#333333"/></borderColor><borderThickness><double value="1"/></borderThickness><gradEndAlpha><double value="1"/></gradEndAlpha><gradStartAlpha><double value="1"/></gradStartAlpha><radius><double value="30"/></radius></styleBlock></styleBlock><styleSelector><simpleSelector value="zTriangle"/></styleSelector></styleDeclaration><styleDeclaration><styleBlock><styleBlock><borderAlpha><double value="1"/></borderAlpha><borderColor><color value="#333333"/></borderColor><borderThickness><double value="1"/></borderThickness><gradEndAlpha><double value="1"/></gradEndAlpha><gradStartAlpha><double value="1"/></gradStartAlpha><radius><double value="30"/></radius></styleBlock></styleBlock><styleSelector><simpleSelector value="zSquare"/></styleSelector></styleDeclaration><styleDeclaration><styleBlock><styleBlock><color><color value="#FF8000"/></color><fillType><fillType value="linear"/></fillType><gradEndAlpha><double value="1"/></gradEndAlpha><gradEndColor><color value="#FF8000"/></gradEndColor><gradStartAlpha><double value="1"/></gradStartAlpha><gradStartColor><color value="#FF8000"/></gradStartColor><thickness><double value="8"/></thickness></styleBlock></styleBlock><styleSelector><simpleSelector value="#222_95982358"/></styleSelector></styleDeclaration><styleDeclaration><styleBlock><styleBlock><color><color value="#FF8000"/></color><fillType><fillType value="linear"/></fillType><gradEndAlpha><double value="1"/></gradEndAlpha><gradEndColor><color value="#FF8000"/></gradEndColor><gradStartAlpha><double value="1"/></gradStartAlpha><gradStartColor><color value="#FF8000"/></gradStartColor><thickness><double value="8"/></thickness></styleBlock></styleBlock><styleSelector><simpleSelector value="#223_95982358"/></styleSelector></styleDeclaration><styleDeclaration><styleBlock><styleBlock><color><color value="#FF8000"/></color><fillType><fillType value="linear"/></fillType><gradEndAlpha><double value="1"/></gradEndAlpha><gradEndColor><color value="#FF8000"/></gradEndColor><gradStartAlpha><double value="1"/></gradStartAlpha><gradStartColor><color value="#FF8000"/></gradStartColor><thickness><double value="8"/></thickness></styleBlock></styleBlock><styleSelector><simpleSelector value="#224_95982358"/></styleSelector></styleDeclaration><styleDeclaration><styleBlock><styleBlock><borderColor><color value="#FF8000"/></borderColor><color><color value="#FF8000"/></color><fillType><fillType value="linear"/></fillType><gradEndAlpha><double value="1"/></gradEndAlpha><gradEndColor><color value="#FF8000"/></gradEndColor><gradStartAlpha><double value="1"/></gradStartAlpha><gradStartColor><color value="#FF8000"/></gradStartColor><thickness><double value="7"/></thickness></styleBlock></styleBlock><styleSelector><simpleSelector value="#230_95982358"/></styleSelector></styleDeclaration><styleDeclaration><styleBlock><styleBlock><borderColor><color value="#FF8000"/></borderColor><color><color value="#FF8000"/></color><fillType><fillType value="linear"/></fillType><gradEndAlpha><double value="1"/></gradEndAlpha><gradEndColor><color value="#FF8000"/></gradEndColor><gradStartAlpha><double value="1"/></gradStartAlpha><gradStartColor><color value="#FF8000"/></gradStartColor><thickness><double value="7"/></thickness></styleBlock></styleBlock><styleSelector><simpleSelector value="#231_95982358"/></styleSelector></styleDeclaration><styleDeclaration><styleBlock><styleBlock><borderColor><color value="#FF8000"/></borderColor><color><color value="#FF8000"/></color><fillType><fillType value="linear"/></fillType><gradEndAlpha><double value="1"/></gradEndAlpha><gradEndColor><color value="#FF8000"/></gradEndColor><gradStartAlpha><double value="1"/></gradStartAlpha><gradStartColor><color value="#FF8000"/></gradStartColor><thickness><double value="7"/></thickness></styleBlock></styleBlock><styleSelector><simpleSelector value="#232_95982358"/></styleSelector></styleDeclaration><styleDeclaration><styleBlock><styleBlock><borderColor><color value="#FF8000"/></borderColor><color><color value="#FF8000"/></color><fillType><fillType value="linear"/></fillType><gradEndAlpha><double value="1"/></gradEndAlpha><gradEndColor><color value="#FF8000"/></gradEndColor><gradStartAlpha><double value="1"/></gradStartAlpha><gradStartColor><color value="#FF8000"/></gradStartColor><thickness><double value="7"/></thickness></styleBlock></styleBlock><styleSelector><simpleSelector value="#233_95982358"/></styleSelector></styleDeclaration><styleDeclaration><styleBlock><styleBlock><borderColor><color value="#FF8000"/></borderColor><color><color value="#FF8000"/></color><fillType><fillType value="linear"/></fillType><gradEndAlpha><double value="1"/></gradEndAlpha><gradEndColor><color value="#FF8000"/></gradEndColor><gradStartAlpha><double value="1"/></gradStartAlpha><gradStartColor><color value="#FF8000"/></gradStartColor><thickness><double value="7"/></thickness></styleBlock></styleBlock><styleSelector><simpleSelector value="#234_95982358"/></styleSelector></styleDeclaration><styleDeclaration><styleBlock><styleBlock><borderColor><color value="#FF8000"/></borderColor><color><color value="#FF8000"/></color><fillType><fillType value="linear"/></fillType><gradEndAlpha><double value="1"/></gradEndAlpha><gradEndColor><color value="#FF8000"/></gradEndColor><gradStartAlpha><double value="1"/></gradStartAlpha><gradStartColor><color value="#FF8000"/></gradStartColor><thickness><double value="7"/></thickness></styleBlock></styleBlock><styleSelector><simpleSelector value="#235_95982358"/></styleSelector></styleDeclaration><styleDeclaration><styleBlock><styleBlock><borderColor><color value="#FF8000"/></borderColor><color><color value="#FF8000"/></color><fillType><fillType value="linear"/></fillType><gradEndAlpha><double value="1"/></gradEndAlpha><gradEndColor><color value="#FF8000"/></gradEndColor><gradStartAlpha><double value="1"/></gradStartAlpha><gradStartColor><color value="#FF8000"/></gradStartColor><thickness><double value="7"/></thickness></styleBlock></styleBlock><styleSelector><simpleSelector value="#237_95982358"/></styleSelector></styleDeclaration><styleDeclaration><styleBlock><styleBlock><thickness><double value="7"/></thickness></styleBlock></styleBlock><styleSelector><simpleSelector value="#32_125780722"/></styleSelector></styleDeclaration></array></styleDeclarations></documentStyle></documentStyle><path><array><flyToObject><target><ref value="3_95982358"/></target></flyToObject><flyToObject><target><ref value="5_95982358"/></target></flyToObject><flyToObject><target><ref value="189_95982358"/></target></flyToObject><flyToObject><target><ref value="210_95982358"/></target></flyToObject><flyToObject><target><ref value="213_95982358"/></target></flyToObject><flyToObject><target><ref value="216_95982358"/></target></flyToObject><flyToObject><target><ref value="3"/></target></flyToObject><flyToObject><target><ref value="12"/></target></flyToObject><flyToObject><target><ref value="14"/></target></flyToObject><flyToObject><target><ref value="15"/></target></flyToObject><flyToObject><target><ref value="16"/></target></flyToObject><flyToObject><target><ref value="17"/></target></flyToObject><flyToObject><target><ref value="18"/></target></flyToObject><flyToObject><target><ref value="19"/></target></flyToObject><flyToObject><target><ref value="28_125780722"/></target></flyToObject><flyToObject><target><ref value="3_95982358"/></target></flyToObject></array></path><zObjects><array><zImage><assetSourceFilename><string value="https://s3.amazonaws.com/uploads.hipchat.com/12694/1163401/usQT4XAdNnUB16g/_Horn-2.png"/></assetSourceFilename><height><double value="540"/></height><id><string value="39_30863873"/></id><localToWorld><transform2D x="-8581.261172595441" y="10618.470725372661" scale="12.527801764298097" rotation="-0.18192924111038036"/></localToWorld><onlineAssetId><string value="2300608675"/></onlineAssetId><onlineAssetUrl><string value="http://0103.static.prezi.com.s3.amazonaws.com/converted/a/c/8/93e4983e9b9277d2820447b8425665ce8fbb3.png"/></onlineAssetUrl><width><double value="959"/></width></zImage><zCircleFrame><height><double value="800"/></height><id><string value="216_95982358"/></id><localToWorld><transform2D x="10478.389919721292" y="1984.9634316354463" scale="7.800087135690691" rotation="0"/></localToWorld><styleClasses><array><token value="circle"/></array></styleClasses><width><double value="800"/></width></zCircleFrame><zCircleFrame><height><double value="800"/></height><id><string value="210_95982358"/></id><localToWorld><transform2D x="6314.497048121951" y="7127.585089712968" scale="6.312013713492685" rotation="0"/></localToWorld><styleClasses><array><token value="circle"/></array></styleClasses><width><double value="800"/></width></zCircleFrame><zCircleFrame><height><double value="800"/></height><id><string value="5_95982358"/></id><localToWorld><transform2D x="-331.8042237220157" y="7283.008382097141" scale="4.546096930880453" rotation="0"/></localToWorld><styleClasses><array><token value="circle"/></array></styleClasses><width><double value="800"/></width></zCircleFrame><zCircleFrame><height><double value="800"/></height><id><string value="189_95982358"/></id><localToWorld><transform2D x="3093.8381940651057" y="1603.2648066658828" scale="6.312013713492685" rotation="0"/></localToWorld><styleClasses><array><token value="circle"/></array></styleClasses><width><double value="800"/></width></zCircleFrame><zLine><id><string value="222_95982358"/></id><localToWorld><transform2D x="-3551.0500803521604" y="8654.319289308705" scale="39.1052856446799" rotation="-0.5043501794126066"/></localToWorld><startEndDistance><double value="50.86802897387459"/></startEndDistance><styleClasses><array><token value="line3"/></array></styleClasses></zLine><zLine><id><string value="223_95982358"/></id><localToWorld><transform2D x="-4298.440693390732" y="7961.337063426404" scale="39.105285644680066" rotation="-0.9458410359913814"/></localToWorld><startEndDistance><double value="37.988144023768335"/></startEndDistance><styleClasses><array><token value="line3"/></array></styleClasses></zLine><zLine><id><string value="224_95982358"/></id><localToWorld><transform2D x="-3405.226475199449" y="9579.177330103268" scale="39.10528564467922" rotation="-0.06417465751760244"/></localToWorld><startEndDistance><double value="37.493281254277406"/></startEndDistance><styleClasses><array><token value="line3"/></array></styleClasses></zLine><zInvisibleFrame><height><double value="595.8748800709253"/></height><id><string value="3_95982358"/></id><localToWorld><transform2D x="0" y="-9.503108703576977E-13" scale="68.27613402941451" rotation="0"/></localToWorld><styleClasses><array><token value="invisible"/></array></styleClasses><width><double value="1059.3331201260894"/></width></zInvisibleFrame><zArrow><id><string value="230_95982358"/></id><localToWorld><transform2D x="1380.6799387506965" y="4367.32284429582" scale="18.66934121750737" rotation="-0.9865533327878678"/></localToWorld><startEndDistance><double value="146.7900340915903"/></startEndDistance><styleClasses><array><token value="line3"/></array></styleClasses></zArrow><zArrow><id><string value="231_95982358"/></id><localToWorld><transform2D x="5366.386816417222" y="4463.3802277494515" scale="18.66934121750738" rotation="0.9304368718624824"/></localToWorld><startEndDistance><double value="100.45438470809447"/></startEndDistance><styleClasses><array><token value="line3"/></array></styleClasses></zArrow><zArrow><id><string value="232_95982358"/></id><localToWorld><transform2D x="8468.578591443193" y="4452.4219851616235" scale="18.669341217507387" rotation="-0.9865533327878685"/></localToWorld><startEndDistance><double value="75.4309973854005"/></startEndDistance><styleClasses><array><token value="line3"/></array></styleClasses></zArrow><zArrow><id><string value="233_95982358"/></id><localToWorld><transform2D x="18926.91323753828" y="-1598.1739976038791" scale="18.669341217507384" rotation="0.9304368718624824"/></localToWorld><startEndDistance><double value="100.30225916549989"/></startEndDistance><styleClasses><array><token value="line3"/></array></styleClasses></zArrow><zArrow><id><string value="234_95982358"/></id><localToWorld><transform2D x="12787.250722474408" y="-1759.8689346971069" scale="18.669341217507355" rotation="-0.9948714209707867"/></localToWorld><startEndDistance><double value="111.25978978733602"/></startEndDistance><styleClasses><array><token value="line3"/></array></styleClasses></zArrow><zArrow><id><string value="235_95982358"/></id><localToWorld><transform2D x="3146.083286881561" y="-1972.7192582343791" scale="18.66934121750738" rotation="-1.5707963267948966"/></localToWorld><startEndDistance><double value="92.73909926791106"/></startEndDistance><styleClasses><array><token value="line3"/></array></styleClasses></zArrow><zArrow><id><string value="237_95982358"/></id><localToWorld><transform2D x="381.17833671420556" y="-802.2656047708296" scale="18.66934121750744" rotation="0.7853981633974481"/></localToWorld><startEndDistance><double value="-95.50384678111811"/></startEndDistance><styleClasses><array><token value="line3"/></array></styleClasses></zArrow><zText><id><string value="239_95982358"/></id><localToWorld><transform2D x="-23880.29687723135" y="13264.391290899925" scale="49.55451369203249" rotation="0"/></localToWorld><styleClasses><array><token value="title"/><token value="title-background"/></array></styleClasses><text><text><width>396.0971422379293</width><p align="right"><span><![CDATA[Moto Defne ]]></span></p></text></text></zText><zText><id><string value="4_95982358"/></id><localToWorld><transform2D x="-23737.933992569036" y="16106.029614437184" scale="37.99309632783068" rotation="0"/></localToWorld><styleClasses><array><token value="subtitle"/></array></styleClasses><text><text><width>516.7828629817081</width><p align="right"><span><![CDATA[Destroy app]]></span></p><p align="right"/></text></text></zText><zImage><assetSourceFilename><string value="splahs1.png"/></assetSourceFilename><height><double value="221"/></height><id><string value="0"/></id><localToWorld><transform2D x="-324.73304857997334" y="6703.225705839367" scale="7.717387605052627" rotation="0"/></localToWorld><onlineAssetId><string value="4675265205"/></onlineAssetId><onlineAssetUrl><string value="http://0103.static.prezi.com.s3.amazonaws.com/media/2/2/e/b0caa0da3e34ef490dff209f4a3394e36ecc8.png"/></onlineAssetUrl><width><double value="158"/></width></zImage><zText><id><string value="208_95982358"/></id><localToWorld><transform2D x="3318.5714147354415" y="763.1675167939567" scale="25.17645784529906" rotation="-2.795542061736092E-33"/></localToWorld><styleClasses><array><token value="subtitle"/></array></styleClasses><text><text><width>220.4993900181616</width><p align="center"><span color="16744448"><![CDATA[Conócenos....]]></span></p><p align="center"/></text></text></zText><zText><id><string value="209_95982358"/></id><localToWorld><transform2D x="3229.688450932129" y="1969.6285368289914" scale="13.91529336549377" rotation="-4.84500262726279E-33"/></localToWorld><styleClasses><array><token value="body"/></array></styleClasses><text><text><width>236.17524870938968</width><p align="center"><span><![CDATA[Moto define es una aplicación móvil  que te ayuda a seleccionar la moto indicada para ti.]]></span></p></text></text></zText><zText><id><string value="211_95982358"/></id><localToWorld><transform2D x="6335.054043431815" y="6071.965704061228" scale="18.521255469472212" rotation="-2.795542061736092E-33"/></localToWorld><styleClasses><array><token value="subtitle"/></array></styleClasses><text><text><width>220.4993900181616</width><p align="center"><span color="16744448"><![CDATA[Como funciona.]]></span></p></text></text></zText><zText><id><string value="212_95982358"/></id><localToWorld><transform2D x="6295.838590787216" y="7455.889148590853" scale="8.029054037192992" rotation="-4.8450026272627935E-33"/></localToWorld><styleClasses><array><token value="body"/></array></styleClasses><text><text><width>390.9237784827681</width><p><span><![CDATA[Moto define    te dé una sugerencia para la elección de tu motocicleta, basada en la minería de datos  y la ingeniería social, garantizando la mejor precisión  ]]></span></p></text></text></zText><zCircleFrame><height><double value="800"/></height><id><string value="213_95982358"/></id><localToWorld><transform2D x="6859.686633711807" y="8642.578716730308" scale="1.263350690221793" rotation="0"/></localToWorld><styleClasses><array><token value="circle"/></array></styleClasses><width><double value="800"/></width></zCircleFrame><zText><id><string value="215_95982358"/></id><localToWorld><transform2D x="6862.0834051805205" y="8642.352068366165" scale="4.585005972960916" rotation="-4.8450026272627935E-33"/></localToWorld><styleClasses><array><token value="body"/></array></styleClasses><text><text><width>165.4602788268176</width><p><span><![CDATA[Tan solo con llenar   el ]]></span><span color="16744448"><![CDATA[TEST]]></span><span><![CDATA[ de inicio.]]></span></p></text></text></zText><zText><id><string value="217_95982358"/></id><localToWorld><transform2D x="10486.987291391355" y="606.1612995632112" scale="20.806989954792606" rotation="-2.7955420617360923E-33"/></localToWorld><styleClasses><array><token value="subtitle"/></array></styleClasses><text><text><width>220.4993900181616</width><p align="center"><span color="16744448"><![CDATA[Resultados:]]></span></p></text></text></zText><zText><id><string value="218_95982358"/></id><localToWorld><transform2D x="10579.15" y="2190.15" scale="9.921924119619867" rotation="-4.845002627262797E-33"/></localToWorld><styleClasses><array><token value="body"/></array></styleClasses><text><text><width>390.9237784827681</width><p align="justify"><span><![CDATA[Los resultados obtenidos  fueron los mejores se implementó un sistema capaz de ayudar a un usuario  en la elección de su mejor moto,  ]]></span></p></text></text></zText><zText><id><string value="0_30863873"/></id><localToWorld><transform2D x="15230.679153283018" y="-8969.714556423578" scale="49.55451369203249" rotation="0"/></localToWorld><styleClasses><array><token value="body"/></array></styleClasses></zText><zText><id><string value="1"/></id><localToWorld><transform2D x="-325.03206612010223" y="8291.0835983088" scale="5.980350802577778" rotation="0"/></localToWorld><styleClasses><array><token value="body"/></array></styleClasses><text><text><width>-339.97265625</width><p align="center"><span><![CDATA[Santiago Andres sepultada]]></span></p><p align="center"/><p align="center"><span><![CDATA[San mateo /Educación Superior]]></span></p><p align="center"/></text></text></zText><zText><id><string value="2"/></id><localToWorld><transform2D x="-281.0017333361233" y="7840.837937259725" scale="5.980350802577778" rotation="0"/></localToWorld><styleClasses><array><token value="body"/></array></styleClasses><text><text><width>-174.2578125</width><p align="center"><span><![CDATA[MOTO- DEFINE]]></span></p><p align="center"/></text></text></zText><zCircleFrame><height><double value="800"/></height><id><string value="3"/></id><localToWorld><transform2D x="15756.45" y="-2362" scale="5.530753494495994" rotation="0"/></localToWorld><styleClasses><array><token value="circle"/></array></styleClasses><width><double value="800"/></width></zCircleFrame><zText><id><string value="4"/></id><localToWorld><transform2D x="15455.038171760745" y="-3566.9790023916566" scale="20.806989954792606" rotation="0"/></localToWorld><styleClasses><array><token value="body"/></array></styleClasses><text><text><width>168.87890625</width><p indent="1" listType="bullet" align="center"><span><![CDATA[Anexos]]></span></p></text></text></zText><zCircleFrame><height><double value="800"/></height><id><string value="12"/></id><localToWorld><transform2D x="22904.893082642953" y="1982.1125191293727" scale="10.46842065311822" rotation="0"/></localToWorld><styleClasses><array><token value="circle"/></array></styleClasses><width><double value="800"/></width></zCircleFrame><zText><id><string value="13"/></id><localToWorld><transform2D x="24167.87380006793" y="-218.05554885498168" scale="27.694103629828966" rotation="0"/></localToWorld><styleClasses><array><token value="body"/></array></styleClasses><text><text><width>196.72416080618868</width><p><span color="16744448"><![CDATA[Screenshot]]></span></p></text></text></zText><zCircleFrame><height><double value="800"/></height><id><string value="14"/></id><localToWorld><transform2D x="20554.914234770014" y="1197.5652482162" scale="2.2231903655075804" rotation="0"/></localToWorld><styleClasses><array><token value="circle"/></array></styleClasses><width><double value="800"/></width></zCircleFrame><zCircleFrame><height><double value="800"/></height><id><string value="15"/></id><localToWorld><transform2D x="22904.81832825792" y="1394.69256154617" scale="2.2231903655075804" rotation="0"/></localToWorld><styleClasses><array><token value="circle"/></array></styleClasses><width><double value="800"/></width></zCircleFrame><zCircleFrame><height><double value="800"/></height><id><string value="16"/></id><localToWorld><transform2D x="25146.552826604202" y="1558.4794191517692" scale="2.2231903655075804" rotation="0"/></localToWorld><styleClasses><array><token value="circle"/></array></styleClasses><width><double value="800"/></width></zCircleFrame><zCircleFrame><height><double value="800"/></height><id><string value="17"/></id><localToWorld><transform2D x="20937.28291420983" y="3280.6709415241044" scale="2.2231903655075804" rotation="0"/></localToWorld><styleClasses><array><token value="circle"/></array></styleClasses><width><double value="800"/></width></zCircleFrame><zCircleFrame><height><double value="800"/></height><id><string value="18"/></id><localToWorld><transform2D x="22904.81832825792" y="3992.855967726086" scale="2.2231903655075804" rotation="0"/></localToWorld><styleClasses><array><token value="circle"/></array></styleClasses><width><double value="800"/></width></zCircleFrame><zCircleFrame><height><double value="800"/></height><id><string value="19"/></id><localToWorld><transform2D x="24847.834304015443" y="3496.337342342066" scale="2.2231903655075804" rotation="0"/></localToWorld><styleClasses><array><token value="circle"/></array></styleClasses><width><double value="800"/></width></zCircleFrame><zText><id><string value="0_125780722"/></id><localToWorld><transform2D x="20605.35" y="687.3" scale="6.442040000000003" rotation="0"/></localToWorld><styleClasses><array><token value="body"/></array></styleClasses><text><text><width>-76.51171875</width><p><span color="16744448"><![CDATA[Splash ]]></span></p></text></text></zText><zImage><assetSourceFilename><string value="2016_11_23_16.55.15.png"/></assetSourceFilename><height><double value="800"/></height><id><string value="1_125780722"/></id><localToWorld><transform2D x="20586.15" y="1313.8" scale="1.075299428482982" rotation="0"/></localToWorld><onlineAssetId><string value="4675498445"/></onlineAssetId><onlineAssetUrl><string value="http://0103.static.prezi.com.s3.amazonaws.com/media/1/3/e/272861bc2f49e3cf5c027149d1f33974afbf0.png"/></onlineAssetUrl><width><double value="480"/></width></zImage><zImage><assetSourceFilename><string value="2016_11_23_16.55.27.png"/></assetSourceFilename><height><double value="800"/></height><id><string value="3_125780722"/></id><localToWorld><transform2D x="22577.799999999996" y="1479.6999999999998" scale="0.9335957170342865" rotation="0"/></localToWorld><onlineAssetId><string value="4675498857"/></onlineAssetId><onlineAssetUrl><string value="http://0103.static.prezi.com.s3.amazonaws.com/media/0/c/3/87970117a4d7ab586e4d7b06f7cd10126eee5.png"/></onlineAssetUrl><width><double value="480"/></width></zImage><zImage><assetSourceFilename><string value="Screenshot_2016-11-23-16-55-58.png"/></assetSourceFilename><height><double value="800"/></height><id><string value="4_125780722"/></id><localToWorld><transform2D x="23253.599999999995" y="1506.45" scale="0.9335957170342862" rotation="0"/></localToWorld><onlineAssetId><string value="4675498886"/></onlineAssetId><onlineAssetUrl><string value="http://0103.static.prezi.com.s3.amazonaws.com/media/3/7/8/8fc4af950b273eade961a60723097469b4a73.png"/></onlineAssetUrl><width><double value="480"/></width></zImage><zText><id><string value="2_125780722"/></id><localToWorld><transform2D x="22904.499999999996" y="1013.2" scale="7.086244000000005" rotation="0"/></localToWorld><styleClasses><array><token value="body"/></array></styleClasses><text><text><width>-57.38671875</width><p><span color="16744448"><![CDATA[TEST]]></span></p><p/></text></text></zText><zImage><assetSourceFilename><string value="Screenshot_2016-11-23-16-57-10.png"/></assetSourceFilename><height><double value="800"/></height><id><string value="7_125780722"/></id><localToWorld><transform2D x="25594.65" y="1555.0500000000002" scale="0.9335957170342865" rotation="0.1535901624743695"/></localToWorld><onlineAssetId><string value="4675499784"/></onlineAssetId><onlineAssetUrl><string value="http://0103.static.prezi.com.s3.amazonaws.com/media/0/3/a/358e93cadb377202ac799e797c2fc40fbf98b.png"/></onlineAssetUrl><width><double value="480"/></width></zImage><zText><id><string value="5_125780722"/></id><localToWorld><transform2D x="25146.294648437506" y="1105.1795234375" scale="5.8564000000000025" rotation="0"/></localToWorld><styleClasses><array><token value="body"/></array></styleClasses><text><text><width>-129.4921875</width><p><span color="16744448"><![CDATA[Sugerencias]]></span></p></text></text></zText><zImage><assetSourceFilename><string value="Screenshot_2016-11-23-16-56-07.png"/></assetSourceFilename><height><double value="800"/></height><id><string value="6_125780722"/></id><localToWorld><transform2D x="24757.549999999996" y="1558.35" scale="0.9335957170342865" rotation="0"/></localToWorld><onlineAssetId><string value="4675499715"/></onlineAssetId><onlineAssetUrl><string value="http://0103.static.prezi.com.s3.amazonaws.com/media/c/1/8/99d74bb1949c1af9024d2491fce8f31d61f5a.png"/></onlineAssetUrl><width><double value="480"/></width></zImage><zImage><assetSourceFilename><string value="Screenshot_2016-11-23-16-57-16.png"/></assetSourceFilename><height><double value="800"/></height><id><string value="8_125780722"/></id><localToWorld><transform2D x="25111.9" y="1712.3" scale="0.9335957170342781" rotation="0"/></localToWorld><onlineAssetId><string value="4675499867"/></onlineAssetId><onlineAssetUrl><string value="http://0103.static.prezi.com.s3.amazonaws.com/media/7/e/c/7e1587cfb3a1ced5bad131c11385e0b0f6a70.png"/></onlineAssetUrl><width><double value="480"/></width></zImage><zImage><assetSourceFilename><string value="Screenshot_2016-11-23-16-56-50.png"/></assetSourceFilename><height><double value="800"/></height><id><string value="10_125780722"/></id><localToWorld><transform2D x="20937.349999999995" y="3395.3999999999996" scale="1.0075979087708944" rotation="0"/></localToWorld><onlineAssetId><string value="4675500390"/></onlineAssetId><onlineAssetUrl><string value="http://0103.static.prezi.com.s3.amazonaws.com/media/e/b/c/95f39db0eae52644020516869c492ad909b77.png"/></onlineAssetUrl><width><double value="480"/></width></zImage><zText><id><string value="9_125780722"/></id><localToWorld><transform2D x="20934.356561999997" y="2805.4974757812497" scale="6.442040000000003" rotation="0"/></localToWorld><styleClasses><array><token value="body"/></array></styleClasses><text><text><width>73.11314855734747</width><p><span color="16744448"><![CDATA[Menu]]></span></p></text></text></zText><zText><id><string value="11_125780722"/></id><localToWorld><transform2D x="22904.7" y="3419.8" scale="6.442040000000003" rotation="0"/></localToWorld><styleClasses><array><token value="body"/></array></styleClasses><text><text><width>-115.04296875</width><p><span color="16744448"><![CDATA[Categorias]]></span></p></text></text></zText><zImage><assetSourceFilename><string value="Screenshot_2016-11-23-16-56-32.png"/></assetSourceFilename><height><double value="800"/></height><id><string value="20_125780722"/></id><localToWorld><transform2D x="22966.05" y="4018.55" scale="0.8110057107375882" rotation="0"/></localToWorld><onlineAssetId><string value="4675501107"/></onlineAssetId><onlineAssetUrl><string value="http://0103.static.prezi.com.s3.amazonaws.com/media/0/b/f/80ed4847aeea8ec17c8138555be711ceb6034.png"/></onlineAssetUrl><width><double value="480"/></width></zImage><zImage><assetSourceFilename><string value="Screenshot_2016-11-23-16-56-23.png"/></assetSourceFilename><height><double value="800"/></height><id><string value="22_125780722"/></id><localToWorld><transform2D x="22441.2" y="3932.8" scale="0.811005710737589" rotation="0"/></localToWorld><onlineAssetId><string value="4675501117"/></onlineAssetId><onlineAssetUrl><string value="http://0103.static.prezi.com.s3.amazonaws.com/media/8/3/9/629b66c3c84ca9d335bcc6535854a3c95c908.png"/></onlineAssetUrl><width><double value="480"/></width></zImage><zImage><assetSourceFilename><string value="Screenshot_2016-11-23-16-56-28.png"/></assetSourceFilename><height><double value="800"/></height><id><string value="23_125780722"/></id><localToWorld><transform2D x="23156.7" y="4397.495623556362" scale="0.7256700230982311" rotation="0"/></localToWorld><mask><rectangle x="0" y="0" w="480" h="675"/></mask><onlineAssetId><string value="4675501123"/></onlineAssetId><onlineAssetUrl><string value="http://0103.static.prezi.com.s3.amazonaws.com/media/e/f/7/b6c5f7d865ee60dc74bfd24d1563b19b98684.png"/></onlineAssetUrl><width><double value="480"/></width></zImage><zImage><assetSourceFilename><string value="Screenshot_2016-11-23-16-56-20.png"/></assetSourceFilename><height><double value="800"/></height><id><string value="24_125780722"/></id><localToWorld><transform2D x="22708.284484896056" y="4418.525522863413" scale="0.7256700230982269" rotation="0"/></localToWorld><mask><rectangle x="0" y="0" w="471" h="615"/></mask><onlineAssetId><string value="4675501130"/></onlineAssetId><onlineAssetUrl><string value="http://0103.static.prezi.com.s3.amazonaws.com/media/7/a/b/62e5aa4c040db304dc54bfe431595c32c709c.png"/></onlineAssetUrl><width><double value="480"/></width></zImage><zImage><assetSourceFilename><string value="Screenshot_2016-11-23-16-56-16.png"/></assetSourceFilename><height><double value="800"/></height><id><string value="25_125780722"/></id><localToWorld><transform2D x="23414.9" y="3932.8" scale="0.7256700230982308" rotation="0"/></localToWorld><onlineAssetId><string value="4675501153"/></onlineAssetId><onlineAssetUrl><string value="http://0103.static.prezi.com.s3.amazonaws.com/media/4/f/8/6998be1b3b6b5b931f12607209906e889985b.png"/></onlineAssetUrl><width><double value="480"/></width></zImage><zImage><assetSourceFilename><string value="Screenshot_2016-11-23-16-56-40.png"/></assetSourceFilename><height><double value="800"/></height><id><string value="27_125780722"/></id><localToWorld><transform2D x="24847.800000000003" y="3624.55" scale="1.1767509424455667" rotation="0"/></localToWorld><onlineAssetId><string value="4675502233"/></onlineAssetId><onlineAssetUrl><string value="http://0103.static.prezi.com.s3.amazonaws.com/media/5/d/b/726aa8111ec3479138aaf7773417fea46f603.png"/></onlineAssetUrl><width><double value="480"/></width></zImage><zText><id><string value="26_125780722"/></id><localToWorld><transform2D x="24847.5" y="2994.7" scale="6.442040000000003" rotation="0"/></localToWorld><styleClasses><array><token value="body"/></array></styleClasses><text><text><width>-92.16796875</width><p><span color="16744448"><![CDATA[Creditos]]></span></p></text></text></zText><zCircleFrame><height><double value="800"/></height><id><string value="28_125780722"/></id><localToWorld><transform2D x="17086.65" y="8498.8" scale="5.530775182219279" rotation="0"/></localToWorld><styleClasses><array><token value="circle"/></array></styleClasses><width><double value="800"/></width></zCircleFrame><zText><id><string value="29_125780722"/></id><localToWorld><transform2D x="17051.22223098437" y="7215.004446718751" scale="14.172488000000008" rotation="0"/></localToWorld><styleClasses><array><token value="body"/></array></styleClasses><text><text><width>-125.40234375</width><p><span color="16744448"><![CDATA[Referencias]]></span></p></text></text></zText><zText><id><string value="30_125780722"/></id><localToWorld><transform2D x="17441.25230516342" y="8626.586118710306" scale="7.272727272727278" rotation="0"/></localToWorld><styleClasses><array><token value="body"/></array></styleClasses><text><text><width>543.1380091428542</width><p><span><![CDATA[* http://www.freepik.es/  (Iconografia)]]></span></p><p><span><![CDATA[* http://www.informoto.com/  (Informacion)]]></span></p><p><span><![CDATA[* https://pixabay.com/  (Imagenes)]]></span></p><p><span><![CDATA[* https://material.io/icons/ (conografia)]]></span></p><p><span><![CDATA[* https://color.adobe.com/ ]]></span></p><p><span><![CDATA[* https://www.google.es/]]></span></p></text></text></zText><zArrow><arcHeight><double value="185.28579280586803"/></arcHeight><id><string value="32_125780722"/></id><localToWorld><transform2D x="23932.12335025394" y="6321.413591850269" scale="18.669341217507377" rotation="-0.8180615350383966"/></localToWorld><startEndDistance><double value="-644.951780428414"/></startEndDistance><styleClasses><array><token value="line3"/></array></styleClasses></zArrow><zImage><assetSourceFilename><string value="20160930_211121.jpg"/></assetSourceFilename><height><double value="384"/></height><id><string value="48_125780722"/></id><localToWorld><transform2D x="16809.15" y="-2757.9" scale="1.864728294110305" rotation="0"/></localToWorld><onlineAssetId><string value="4675514605"/></onlineAssetId><onlineAssetUrl><string value="http://0103.static.prezi.com.s3.amazonaws.com/media/9/8/3/3d414a3caa5080043d1a743c29a7dac1424f6.jpg"/></onlineAssetUrl><width><double value="681"/></width></zImage><zImage><assetSourceFilename><string value="20161013_110957.jpg"/></assetSourceFilename><height><double value="384"/></height><id><string value="49_125780722"/></id><localToWorld><transform2D x="15406.05" y="-979.3999999999997" scale="1.864728294110304" rotation="0"/></localToWorld><onlineAssetId><string value="4675514624"/></onlineAssetId><onlineAssetUrl><string value="http://0103.static.prezi.com.s3.amazonaws.com/media/9/4/0/0641e0394a5d6cf568953ee9ac8d90bc9718f.jpg"/></onlineAssetUrl><width><double value="681"/></width></zImage><zImage><assetSourceFilename><string value="http://0103.static.prezi.com.s3.amazonaws.com/media/2/0/0/1f5623d9eed79820b64b14af14415ee3bb634.png"/></assetSourceFilename><height><double value="500"/></height><id><string value="50_125780722"/></id><localToWorld><transform2D x="14772" y="-2486.8499999999995" scale="1.8080885613865265" rotation="0"/></localToWorld><onlineAssetId><string value="4675515381"/></onlineAssetId><onlineAssetUrl><string value="http://0103.static.prezi.com.s3.amazonaws.com/media/2/0/0/1f5623d9eed79820b64b14af14415ee3bb634.png"/></onlineAssetUrl><width><double value="750"/></width></zImage><zImage><assetSourceFilename><string value="suzuki-salon-01.jpg"/></assetSourceFilename><height><double value="563"/></height><id><string value="52_125780722"/></id><localToWorld><transform2D x="16523.55" y="-1329.55" scale="1.2718573089491236" rotation="0"/></localToWorld><onlineAssetId><string value="4675514638"/></onlineAssetId><onlineAssetUrl><string value="http://0103.static.prezi.com.s3.amazonaws.com/media/5/4/d/0974156abdfa41214d6f2e3c446b794e8ada9.jpg"/></onlineAssetUrl><width><double value="1000"/></width></zImage><zImage><assetSourceFilename><string value="salon-05.jpg"/></assetSourceFilename><height><double value="750"/></height><id><string value="51_125780722"/></id><localToWorld><transform2D x="16809.2" y="-1898.2" scale="0.9547408865844758" rotation="0"/></localToWorld><onlineAssetId><string value="4675514637"/></onlineAssetId><onlineAssetUrl><string value="http://0103.static.prezi.com.s3.amazonaws.com/media/2/6/5/4bc12d1de46cefe1663c800c90b084dc44857.jpg"/></onlineAssetUrl><width><double value="1000"/></width></zImage><zImage><assetSourceFilename><string value="20160306_114250.jpg"/></assetSourceFilename><height><double value="511"/></height><id><string value="53_125780722"/></id><localToWorld><transform2D x="14628.8" y="-1652.75" scale="1.8506773045880394" rotation="-0.43047515444176154"/></localToWorld><onlineAssetId><string value="4675514650"/></onlineAssetId><onlineAssetUrl><string value="http://0103.static.prezi.com.s3.amazonaws.com/media/d/3/8/b73774541f7b7a1006bf9d0d6044cf3322b6e.jpg"/></onlineAssetUrl><width><double value="681"/></width></zImage><zImage><assetSourceFilename><string value="http://0103.static.prezi.com.s3.amazonaws.com/media/0/1/1/078d268c2638d3c194b97327c019834790cce.png"/></assetSourceFilename><height><double value="450"/></height><id><string value="54_125780722"/></id><localToWorld><transform2D x="15981.9" y="-1898.65" scale="2.3200347319235513" rotation="0.24641696353284942"/></localToWorld><onlineAssetId><string value="4675515266"/></onlineAssetId><onlineAssetUrl><string value="http://0103.static.prezi.com.s3.amazonaws.com/media/0/1/1/078d268c2638d3c194b97327c019834790cce.png"/></onlineAssetUrl><width><double value="720"/></width></zImage></array></zObjects></prezi>